{
  "model": "tfidf_logistic_regression",
  "precision": 0.974025974025974,
  "recall": 0.9146341463414634,
  "f1": 0.9433962264150944,
  "confusion_matrix": [
    [
      171,
      4
    ],
    [
      14,
      150
    ]
  ]
}