{
  "baseline": {
    "model": "tfidf_logistic_regression",
    "f1": 0.9433962264150944
  },
  "transformer": {
    "model": "roberta-base",
    "precision": 0.8950276243093923,
    "recall": 0.9878048780487805,
    "f1": 0.9391304347826087
  }
}